Feature1,Feature2,Correlation
T1_Fp1_delta,T1_Fp2_delta,0.8553502381854213
T1_Fp1_delta,T1_F1_delta,0.999728130052036
T1_Fp1_delta,T1_F2_delta,0.8546183144294619
T1_Fp1_theta,T1_Fp2_theta,0.8547599808513581
T1_Fp1_theta,T1_F1_theta,0.999824137750672
T1_Fp1_theta,T1_F2_theta,0.8559753893406056
T1_Fp1_alpha,T1_Fp2_alpha,0.8769690651996341
T1_Fp1_alpha,T1_F1_alpha,0.9999483091776064
T1_Fp1_alpha,T1_F2_alpha,0.8780752202846609
T1_Fp1_alpha,T1_F3_alpha,0.8028635207623517
T1_Fp1_beta,T1_Fp1_gamma,0.8572719053257828
T1_Fp1_beta,T1_F1_beta,0.9999428008783401
T1_Fp1_beta,T1_F1_gamma,0.8563792917819188
T1_Fp1_gamma,T1_F1_beta,0.8573956975691305
T1_Fp1_gamma,T1_F1_gamma,0.9999415605115964
T1_Fp2_delta,T1_F1_delta,0.8558776116705117
T1_Fp2_delta,T1_F2_delta,0.9995803326239575
T1_Fp2_theta,T1_F1_theta,0.855343032839396
T1_Fp2_theta,T1_F2_theta,0.9906550477693362
T1_Fp2_alpha,T1_F1_alpha,0.8768378056316036
T1_Fp2_alpha,T1_F2_alpha,0.995630286086462
T1_Fp2_alpha,T1_F4_alpha,0.8060126929525562
T1_Fp2_beta,T1_Fp2_gamma,0.8387066236079171
T1_Fp2_beta,T1_F2_beta,0.9968213728018891
T1_Fp2_beta,T1_F2_gamma,0.8353322274058758
T1_Fp2_gamma,T1_F2_beta,0.8293242073503112
T1_Fp2_gamma,T1_F2_gamma,0.9994022905605485
T1_F1_delta,T1_F2_delta,0.8553068142932393
T1_F1_theta,T1_F2_theta,0.8558534827832
T1_F1_alpha,T1_F2_alpha,0.878101048223292
T1_F1_alpha,T1_F3_alpha,0.8024882324284028
T1_F1_beta,T1_F1_gamma,0.8565100396808056
T1_F2_alpha,T1_F4_alpha,0.8062983691307118
T1_F2_beta,T1_F2_gamma,0.8240263960999298
T1_F3_beta,T1_F3_gamma,0.8674982823368191
